/*team*/
insert into team(id, color, name) values (default, 'Red', 'Sith');
insert into team(id, color, name) values (default, 'Blue', 'Rebel');

insert into person(id, da, username, firstname, lastname, email) values (99, '0000000', 'Le Professeur', 'Le', 'Prof', 'admin@gmail.com');
insert into "user"(id, da, password) values (99, '0000000', '$2y$10$B9bEPdKiHAl0uL/MrIQLsOCmEh4.PtGPZLaqKbODyTrytc.zW3e8y');
insert into teacher(da) values ('0000000');

/*insert student*/
insert into person(id, da, username, firstname, lastname, email) values (100, '1111111', 'Joshua Leblanc', 'Joshua', 'Leblanc', 'leblancjoshua077@gmail.com');
insert into "user"(id, da, password) values(100, '1111111', '$2y$10$CJAhNUuCUlyUxWStg83nbuNK.Gpbd8o1nRLxnfwc47CwvLcIpgFBC');
insert into student(da, id, team_id, cash, points) values ('1111111', 100, 1, 0, 0);

/*week*/
insert into week(id, number, start_date, is_active) values (default, 1, current_date, true);
insert into week(id, number, start_date, is_active) values (default, 2, current_date, true);
insert into week(id, number, start_date, is_active) values (default, 3, current_date, true);
insert into week(id, number, start_date, is_active) values (default, 4, current_date, true);
insert into week(id, number, start_date, is_active) values (default, 5, current_date, true);
insert into week(id, number, start_date, is_active) values (default, 6, current_date, true);
insert into week(id, number, start_date, is_active) values (default, 7, current_date, true);
insert into week(id, number, start_date, is_active) values (default, 8, current_date, true);
insert into week(id, number, start_date, is_active) values (default, 9, current_date, true);
insert into week(id, number, start_date, is_active) values (default, 10, current_date, true);
insert into week(id, number, start_date, is_active) values (default, 11, current_date, true);
insert into week(id, number, start_date, is_active) values (default, 12, current_date, true);
insert into week(id, number, start_date, is_active) values (default, 13, current_date, true);
insert into week(id, number, start_date, is_active) values (default, 14, current_date, true);
insert into week(id, number, start_date, is_active) values (default, 15, current_date, true);

/*exercise*/
insert into exercise (id, week_id, name, description, difficulty, cash_reward, point_reward, execution_exemple) values (1, 10, 'elementum in hac habitasse platea', 'Praesent id massa id nisl venenatis lacinia.', 4, 273, 295, '[{},{},{},{},{}]');
insert into exercise (id, week_id, name, description, difficulty, cash_reward, point_reward, execution_exemple) values (2, 10, 'ut blandit non interdum in ante vestibulum ante', 'Nam dui. Proin leo odio, porttitor id, consequat in, consequat ut, nulla. Sed accumsan felis. Ut at dolor quis odio consequat varius.', 2, 118, 176, '[{}]');
insert into exercise (id, week_id, name, description, difficulty, cash_reward, point_reward, execution_exemple) values (3, 13, 'amet nulla quisque arcu libero rutrum', 'Aliquam erat volutpat. In congue. Etiam justo. Etiam pretium iaculis justo. In hac habitasse platea dictumst.', 1, 449, 164, '[{},{},{},{},{}]');
insert into exercise (id, week_id, name, description, difficulty, cash_reward, point_reward, execution_exemple) values (4, 1, 'arcu sed augue aliquam erat volutpat in', 'Morbi vel lectus in quam fringilla rhoncus. Mauris enim leo, rhoncus sed, vestibulum sit amet, cursus id, turpis. Integer aliquet, massa id lobortis convallis, tortor risus dapibus augue, vel accumsan tellus nisi eu orci. Mauris lacinia sapien quis libero.', 2, 88, 161, '[{},{},{},{},{}]');
insert into exercise (id, week_id, name, description, difficulty, cash_reward, point_reward, execution_exemple) values (5, 14, 'ornare consequat lectus in est', 'Nam nulla. Integer pede justo, lacinia eget, tincidunt eget, tempus vel, pede. Morbi porttitor lorem id ligula. Suspendisse ornare consequat lectus.', 2, 311, 183, '[{},{}]');
insert into exercise (id, week_id, name, description, difficulty, cash_reward, point_reward, execution_exemple) values (6, 10, 'enim in tempor turpis nec euismod scelerisque quam turpis', 'Curabitur convallis.', 3, 431, 152, '[]');
insert into exercise (id, week_id, name, description, difficulty, cash_reward, point_reward, execution_exemple) values (7, 10, 'leo odio condimentum id luctus nec molestie sed', 'Nunc rhoncus dui vel sem. Sed sagittis. Nam congue, risus semper porta volutpat, quam pede lobortis ligula, sit amet eleifend pede libero quis orci. Nullam molestie nibh in lectus.', 4, 172, 256, '[]');
insert into exercise (id, week_id, name, description, difficulty, cash_reward, point_reward, execution_exemple) values (8, 13, 'consequat dui nec nisi volutpat eleifend donec ut dolor morbi', 'Aliquam quis turpis eget elit sodales scelerisque. Mauris sit amet eros. Suspendisse accumsan tortor quis turpis. Sed ante.', 2, 143, 180, '[{},{},{}]');
insert into exercise (id, week_id, name, description, difficulty, cash_reward, point_reward, execution_exemple) values (9, 11, 'aliquam non mauris morbi non lectus aliquam', 'Nam congue, risus semper porta volutpat, quam pede lobortis ligula, sit amet eleifend pede libero quis orci.', 1, 453, 187, '[{},{},{}]');
insert into exercise (id, week_id, name, description, difficulty, cash_reward, point_reward, execution_exemple) values (10, 15, 'at velit vivamus vel nulla eget eros elementum pellentesque', 'Curabitur convallis. Duis consequat dui nec nisi volutpat eleifend.', 3, 132, 106, '[{},{}]');
insert into exercise (id, week_id, name, description, difficulty, cash_reward, point_reward, execution_exemple) values (11, 15, 'tortor sollicitudin mi sit amet lobortis sapien sapien non', 'Vivamus in felis eu sapien cursus vestibulum. Proin eu mi. Nulla ac enim. In tempor, turpis nec euismod scelerisque, quam turpis adipiscing lorem, vitae mattis nibh ligula nec sem. Duis aliquam convallis nunc.', 4, 322, 170, '[{}]');
insert into exercise (id, week_id, name, description, difficulty, cash_reward, point_reward, execution_exemple) values (12, 6, 'sapien ut nunc vestibulum ante ipsum primis', 'Maecenas tincidunt lacus at velit. Vivamus vel nulla eget eros elementum pellentesque. Quisque porta volutpat erat. Quisque erat eros, viverra eget, congue eget, semper rutrum, nulla.', 5, 274, 201, '[{},{}]');
insert into exercise (id, week_id, name, description, difficulty, cash_reward, point_reward, execution_exemple) values (13, 10, 'id nisl venenatis lacinia aenean', 'Nulla justo. Aliquam quis turpis eget elit sodales scelerisque. Mauris sit amet eros. Suspendisse accumsan tortor quis turpis.', 3, 248, 273, '[{},{},{},{},{}]');
insert into exercise (id, week_id, name, description, difficulty, cash_reward, point_reward, execution_exemple) values (14, 12, 'aliquet massa id lobortis convallis tortor risus dapibus', 'Curabitur convallis. Duis consequat dui nec nisi volutpat eleifend.', 5, 492, 203, '[{},{},{},{}]');
insert into exercise (id, week_id, name, description, difficulty, cash_reward, point_reward, execution_exemple) values (15, 11, 'orci nullam molestie nibh in lectus pellentesque at nulla suspendisse', 'Nullam sit amet turpis elementum ligula vehicula consequat. Morbi a ipsum.', 5, 137, 245, '[{},{},{}]');
insert into exercise (id, week_id, name, description, difficulty, cash_reward, point_reward, execution_exemple) values (16, 15, 'ut erat curabitur gravida nisi at', 'Sed ante. Vivamus tortor. Duis mattis egestas metus.', 1, 391, 286, '[{},{},{},{}]');
insert into exercise (id, week_id, name, description, difficulty, cash_reward, point_reward, execution_exemple) values (17, 2, 'augue quam sollicitudin vitae consectetuer eget rutrum', 'Cras non velit nec nisi vulputate nonummy. Maecenas tincidunt lacus at velit. Vivamus vel nulla eget eros elementum pellentesque. Quisque porta volutpat erat. Quisque erat eros, viverra eget, congue eget, semper rutrum, nulla.', 4, 334, 175, '[{},{}]');
insert into exercise (id, week_id, name, description, difficulty, cash_reward, point_reward, execution_exemple) values (18, 4, 'ipsum primis in faucibus orci luctus', 'In hac habitasse platea dictumst.', 3, 110, 201, '[{},{},{},{},{}]');
insert into exercise (id, week_id, name, description, difficulty, cash_reward, point_reward, execution_exemple) values (19, 3, 'gravida nisi at nibh in hac habitasse platea dictumst', 'In sagittis dui vel nisl. Duis ac nibh. Fusce lacus purus, aliquet at, feugiat non, pretium quis, lectus.', 4, 70, 140, '[{},{}]');
insert into exercise (id, week_id, name, description, difficulty, cash_reward, point_reward, execution_exemple) values (20, 11, 'orci vehicula condimentum curabitur in libero ut massa', 'Morbi non quam nec dui luctus rutrum. Nulla tellus. In sagittis dui vel nisl. Duis ac nibh.', 1, 50, 275, '[{},{},{}]');
insert into exercise (id, week_id, name, description, difficulty, cash_reward, point_reward, execution_exemple) values (21, 7, 'aliquet at feugiat non pretium quis lectus suspendisse', 'In sagittis dui vel nisl. Duis ac nibh. Fusce lacus purus, aliquet at, feugiat non, pretium quis, lectus. Suspendisse potenti. In eleifend quam a odio.', 4, 221, 296, '[{},{}]');
insert into exercise (id, week_id, name, description, difficulty, cash_reward, point_reward, execution_exemple) values (22, 9, 'nulla suspendisse potenti cras in purus eu magna', 'Cras non velit nec nisi vulputate nonummy. Maecenas tincidunt lacus at velit. Vivamus vel nulla eget eros elementum pellentesque. Quisque porta volutpat erat.', 4, 50, 229, '[{},{},{},{}]');
insert into exercise (id, week_id, name, description, difficulty, cash_reward, point_reward, execution_exemple) values (23, 10, 'volutpat in congue etiam justo etiam pretium', 'Fusce consequat. Nulla nisl. Nunc nisl. Duis bibendum, felis sed interdum venenatis, turpis enim blandit mi, in porttitor pede justo eu massa.', 5, 221, 222, '[{},{},{},{}]');
insert into exercise (id, week_id, name, description, difficulty, cash_reward, point_reward, execution_exemple) values (24, 15, 'ac enim in tempor turpis nec euismod', 'Fusce posuere felis sed lacus. Morbi sem mauris, laoreet ut, rhoncus aliquet, pulvinar sed, nisl.', 5, 261, 233, '[]');
insert into exercise (id, week_id, name, description, difficulty, cash_reward, point_reward, execution_exemple) values (25, 14, 'laoreet ut rhoncus aliquet pulvinar', 'Proin leo odio, porttitor id, consequat in, consequat ut, nulla. Sed accumsan felis. Ut at dolor quis odio consequat varius.', 1, 365, 283, '[{},{},{}]');
insert into exercise (id, week_id, name, description, difficulty, cash_reward, point_reward, execution_exemple) values (26, 6, 'lacinia eget tincidunt eget tempus vel pede morbi', 'Nunc nisl. Duis bibendum, felis sed interdum venenatis, turpis enim blandit mi, in porttitor pede justo eu massa. Donec dapibus. Duis at velit eu est congue elementum. In hac habitasse platea dictumst.', 4, 311, 246, '[{},{},{}]');
insert into exercise (id, week_id, name, description, difficulty, cash_reward, point_reward, execution_exemple) values (27, 14, 'volutpat dui maecenas tristique est et', 'Duis bibendum. Morbi non quam nec dui luctus rutrum. Nulla tellus. In sagittis dui vel nisl. Duis ac nibh.', 2, 382, 204, '[{}]');
insert into exercise (id, week_id, name, description, difficulty, cash_reward, point_reward, execution_exemple) values (28, 10, 'sed vestibulum sit amet cursus id turpis integer aliquet', 'Vivamus vel nulla eget eros elementum pellentesque. Quisque porta volutpat erat. Quisque erat eros, viverra eget, congue eget, semper rutrum, nulla. Nunc purus.', 1, 157, 142, '[{},{},{},{},{}]');
insert into exercise (id, week_id, name, description, difficulty, cash_reward, point_reward, execution_exemple) values (29, 10, 'nisl duis ac nibh fusce', 'Donec semper sapien a libero. Nam dui. Proin leo odio, porttitor id, consequat in, consequat ut, nulla. Sed accumsan felis.', 3, 285, 220, '[]');
insert into exercise (id, week_id, name, description, difficulty, cash_reward, point_reward, execution_exemple) values (30, 7, 'vel nisl duis ac nibh fusce', 'Curabitur gravida nisi at nibh. In hac habitasse platea dictumst.', 5, 335, 284, '[{},{},{}]');
insert into exercise (id, week_id, name, description, difficulty, cash_reward, point_reward, execution_exemple) values (31, 12, 'enim blandit mi in porttitor pede justo eu massa donec', 'Duis mattis egestas metus. Aenean fermentum. Donec ut mauris eget massa tempor convallis. Nulla neque libero, convallis eget, eleifend luctus, ultricies eu, nibh. Quisque id justo sit amet sapien dignissim vestibulum.', 1, 406, 168, '[]');
insert into exercise (id, week_id, name, description, difficulty, cash_reward, point_reward, execution_exemple) values (32, 12, 'non mattis pulvinar nulla pede ullamcorper', 'In blandit ultrices enim.', 1, 349, 125, '[{},{},{}]');
insert into exercise (id, week_id, name, description, difficulty, cash_reward, point_reward, execution_exemple) values (33, 11, 'vel dapibus at diam nam tristique', 'Integer non velit.', 3, 190, 106, '[{},{},{},{},{}]');
insert into exercise (id, week_id, name, description, difficulty, cash_reward, point_reward, execution_exemple) values (34, 12, 'molestie lorem quisque ut erat curabitur', 'Donec posuere metus vitae ipsum. Aliquam non mauris. Morbi non lectus. Aliquam sit amet diam in magna bibendum imperdiet. Nullam orci pede, venenatis non, sodales sed, tincidunt eu, felis.', 4, 191, 140, '[{},{}]');
insert into exercise (id, week_id, name, description, difficulty, cash_reward, point_reward, execution_exemple) values (35, 3, 'dis parturient montes nascetur ridiculus mus vivamus vestibulum sagittis', 'Aliquam sit amet diam in magna bibendum imperdiet. Nullam orci pede, venenatis non, sodales sed, tincidunt eu, felis.', 1, 420, 223, '[{},{},{},{}]');
insert into exercise (id, week_id, name, description, difficulty, cash_reward, point_reward, execution_exemple) values (36, 5, 'at vulputate vitae nisl aenean', 'Cras in purus eu magna vulputate luctus. Cum sociis natoque penatibus et magnis dis parturient montes, nascetur ridiculus mus. Vivamus vestibulum sagittis sapien.', 5, 248, 114, '[{},{},{}]');
insert into exercise (id, week_id, name, description, difficulty, cash_reward, point_reward, execution_exemple) values (37, 10, 'nunc commodo placerat praesent blandit nam nulla integer', 'Donec quis orci eget orci vehicula condimentum. Curabitur in libero ut massa volutpat convallis. Morbi odio odio, elementum eu, interdum eu, tincidunt in, leo. Maecenas pulvinar lobortis est. Phasellus sit amet erat.', 2, 195, 126, '[{},{}]');
insert into exercise (id, week_id, name, description, difficulty, cash_reward, point_reward, execution_exemple) values (38, 14, 'morbi ut odio cras mi pede malesuada in imperdiet', 'Nullam orci pede, venenatis non, sodales sed, tincidunt eu, felis.', 4, 247, 136, '[{},{}]');
insert into exercise (id, week_id, name, description, difficulty, cash_reward, point_reward, execution_exemple) values (39, 14, 'faucibus orci luctus et ultrices', 'Phasellus sit amet erat. Nulla tempus. Vivamus in felis eu sapien cursus vestibulum. Proin eu mi. Nulla ac enim.', 4, 89, 181, '[{},{},{},{},{}]');
insert into exercise (id, week_id, name, description, difficulty, cash_reward, point_reward, execution_exemple) values (40, 4, 'libero non mattis pulvinar nulla pede ullamcorper', 'Duis bibendum. Morbi non quam nec dui luctus rutrum.', 3, 187, 298, '[{},{}]');
insert into exercise (id, week_id, name, description, difficulty, cash_reward, point_reward, execution_exemple) values (41, 6, 'cubilia curae duis faucibus accumsan odio curabitur convallis', 'Donec ut mauris eget massa tempor convallis.', 3, 404, 101, '[{},{},{},{},{}]');
insert into exercise (id, week_id, name, description, difficulty, cash_reward, point_reward, execution_exemple) values (42, 5, 'lorem id ligula suspendisse ornare', 'Curabitur at ipsum ac tellus semper interdum.', 2, 152, 230, '[{},{}]');
insert into exercise (id, week_id, name, description, difficulty, cash_reward, point_reward, execution_exemple) values (43, 6, 'pede venenatis non sodales sed', 'Morbi non lectus. Aliquam sit amet diam in magna bibendum imperdiet. Nullam orci pede, venenatis non, sodales sed, tincidunt eu, felis. Fusce posuere felis sed lacus.', 3, 311, 244, '[{},{},{},{}]');
insert into exercise (id, week_id, name, description, difficulty, cash_reward, point_reward, execution_exemple) values (44, 9, 'lacus purus aliquet at feugiat non pretium quis', 'Pellentesque at nulla.', 1, 112, 289, '[]');
insert into exercise (id, week_id, name, description, difficulty, cash_reward, point_reward, execution_exemple) values (45, 11, 'nulla nunc purus phasellus in felis donec semper sapien a', 'Nunc purus. Phasellus in felis. Donec semper sapien a libero.', 1, 97, 173, '[{}]');
insert into exercise (id, week_id, name, description, difficulty, cash_reward, point_reward, execution_exemple) values (46, 5, 'erat fermentum justo nec condimentum neque sapien', 'Sed vel enim sit amet nunc viverra dapibus. Nulla suscipit ligula in lacus. Curabitur at ipsum ac tellus semper interdum. Mauris ullamcorper purus sit amet nulla. Quisque arcu libero, rutrum ac, lobortis vel, dapibus at, diam.', 5, 143, 232, '[{},{}]');
insert into exercise (id, week_id, name, description, difficulty, cash_reward, point_reward, execution_exemple) values (47, 10, 'sagittis nam congue risus semper porta volutpat quam pede', 'Suspendisse potenti.', 5, 347, 201, '[{},{},{},{},{}]');
insert into exercise (id, week_id, name, description, difficulty, cash_reward, point_reward, execution_exemple) values (48, 1, 'lorem integer tincidunt ante vel ipsum', 'Maecenas pulvinar lobortis est. Phasellus sit amet erat. Nulla tempus. Vivamus in felis eu sapien cursus vestibulum. Proin eu mi.', 3, 347, 169, '[{},{},{},{}]');
insert into exercise (id, week_id, name, description, difficulty, cash_reward, point_reward, execution_exemple) values (49, 13, 'vestibulum velit id pretium iaculis diam erat', 'Morbi a ipsum. Integer a nibh. In quis justo. Maecenas rhoncus aliquam lacus. Morbi quis tortor id nulla ultrices aliquet.', 4, 291, 191, '[{}]');
insert into exercise (id, week_id, name, description, difficulty, cash_reward, point_reward, execution_exemple) values (50, 1, 'vitae consectetuer eget rutrum at lorem integer tincidunt ante', 'Fusce posuere felis sed lacus. Morbi sem mauris, laoreet ut, rhoncus aliquet, pulvinar sed, nisl.', 1, 288, 138, '[{}]');

/*tips*/
insert into tips (exercise_id, id, tip, price) values (12, 1, 'Pellentesque ultrices mattis odio.', 535);
insert into tips (exercise_id, id, tip, price) values (6, 2, 'Morbi quis tortor id nulla ultrices aliquet.', 990);
insert into tips (exercise_id, id, tip, price) values (1, 3, 'Donec ut mauris eget massa tempor convallis.', 489);
insert into tips (exercise_id, id, tip, price) values (5, 4, 'Donec semper sapien a libero.', 231);
insert into tips (exercise_id, id, tip, price) values (10, 5, 'Vestibulum ante ipsum primis in faucibus orci luctus et ultrices posuere cubilia Curae; Mauris viverra diam vitae quam.', 221);
insert into tips (exercise_id, id, tip, price) values (5, 6, 'In hac habitasse platea dictumst.', 251);
insert into tips (exercise_id, id, tip, price) values (15, 7, 'Integer aliquet, massa id lobortis convallis, tortor risus dapibus augue, vel accumsan tellus nisi eu orci.', 239);
insert into tips (exercise_id, id, tip, price) values (4, 8, 'Aliquam non mauris.', 881);
insert into tips (exercise_id, id, tip, price) values (5, 9, 'Duis bibendum.', 285);
insert into tips (exercise_id, id, tip, price) values (7, 10, 'Phasellus id sapien in sapien iaculis congue.', 824);
insert into tips (exercise_id, id, tip, price) values (14, 11, 'Proin eu mi.', 851);
insert into tips (exercise_id, id, tip, price) values (13, 12, 'Vestibulum ante ipsum primis in faucibus orci luctus et ultrices posuere cubilia Curae; Duis faucibus accumsan odio.', 614);
insert into tips (exercise_id, id, tip, price) values (2, 13, 'Nulla suscipit ligula in lacus.', 55);
insert into tips (exercise_id, id, tip, price) values (12, 14, 'Donec vitae nisi.', 939);
insert into tips (exercise_id, id, tip, price) values (6, 15, 'Maecenas pulvinar lobortis est.', 636);
insert into tips (exercise_id, id, tip, price) values (6, 16, 'Nullam molestie nibh in lectus.', 271);
insert into tips (exercise_id, id, tip, price) values (14, 17, 'In tempor, turpis nec euismod scelerisque, quam turpis adipiscing lorem, vitae mattis nibh ligula nec sem.', 802);
insert into tips (exercise_id, id, tip, price) values (7, 18, 'Aliquam quis turpis eget elit sodales scelerisque.', 484);
insert into tips (exercise_id, id, tip, price) values (11, 19, 'Integer ac neque.', 247);
insert into tips (exercise_id, id, tip, price) values (11, 20, 'Maecenas tristique, est et tempus semper, est quam pharetra magna, ac consequat metus sapien ut nunc.', 562);
insert into tips (exercise_id, id, tip, price) values (1, 21, 'Lorem ipsum dolor sit amet, consectetuer adipiscing elit.', 866);
insert into tips (exercise_id, id, tip, price) values (3, 22, 'Suspendisse potenti.', 818);
insert into tips (exercise_id, id, tip, price) values (12, 23, 'Etiam pretium iaculis justo.', 440);
insert into tips (exercise_id, id, tip, price) values (1, 24, 'Cras pellentesque volutpat dui.', 496);
insert into tips (exercise_id, id, tip, price) values (3, 25, 'Nam congue, risus semper porta volutpat, quam pede lobortis ligula, sit amet eleifend pede libero quis orci.', 541);
insert into tips (exercise_id, id, tip, price) values (14, 26, 'Nullam sit amet turpis elementum ligula vehicula consequat.', 271);
insert into tips (exercise_id, id, tip, price) values (9, 27, 'Lorem ipsum dolor sit amet, consectetuer adipiscing elit.', 536);
insert into tips (exercise_id, id, tip, price) values (1, 28, 'Cum sociis natoque penatibus et magnis dis parturient montes, nascetur ridiculus mus.', 499);
insert into tips (exercise_id, id, tip, price) values (6, 29, 'Nulla justo.', 345);
insert into tips (exercise_id, id, tip, price) values (4, 30, 'Ut tellus.', 433);
insert into tips (exercise_id, id, tip, price) values (5, 31, 'Aliquam augue quam, sollicitudin vitae, consectetuer eget, rutrum at, lorem.', 313);
insert into tips (exercise_id, id, tip, price) values (14, 32, 'Donec dapibus.', 918);
insert into tips (exercise_id, id, tip, price) values (1, 33, 'Fusce posuere felis sed lacus.', 985);
insert into tips (exercise_id, id, tip, price) values (1, 34, 'Cras mi pede, malesuada in, imperdiet et, commodo vulputate, justo.', 741);
insert into tips (exercise_id, id, tip, price) values (2, 35, 'Etiam justo.', 688);
insert into tips (exercise_id, id, tip, price) values (12, 36, 'Nullam porttitor lacus at turpis.', 394);
insert into tips (exercise_id, id, tip, price) values (15, 37, 'Proin leo odio, porttitor id, consequat in, consequat ut, nulla.', 164);
insert into tips (exercise_id, id, tip, price) values (4, 38, 'Nam nulla.', 979);
insert into tips (exercise_id, id, tip, price) values (5, 39, 'Duis bibendum, felis sed interdum venenatis, turpis enim blandit mi, in porttitor pede justo eu massa.', 697);
insert into tips (exercise_id, id, tip, price) values (12, 40, 'Fusce consequat.', 534);

/*item*/
insert into item (id, name, price, description) values (1, 'consectetuer adipiscing elit proin interdum mauris', 350, 'Vivamus vestibulum sagittis sapien. Cum sociis natoque penatibus et magnis dis parturient montes, nascetur ridiculus mus.');
insert into item (id, name, price, description) values (2, 'pellentesque quisque porta volutpat erat quisque erat', 905, 'Nulla justo.');
insert into item (id, name, price, description) values (3, 'nibh fusce lacus purus aliquet at feugiat non', 461, 'Proin leo odio, porttitor id, consequat in, consequat ut, nulla. Sed accumsan felis.');
insert into item (id, name, price, description) values (4, 'platea dictumst maecenas ut massa quis augue luctus tincidunt nulla', 672, 'Nullam molestie nibh in lectus.');
insert into item (id, name, price, description) values (5, 'eu felis fusce posuere felis sed lacus morbi sem', 948, 'Donec diam neque, vestibulum eget, vulputate ut, ultrices vel, augue.');
insert into item (id, name, price, description) values (6, 'at nulla suspendisse potenti cras in purus eu magna', 604, 'Morbi sem mauris, laoreet ut, rhoncus aliquet, pulvinar sed, nisl. Nunc rhoncus dui vel sem.');
insert into item (id, name, price, description) values (7, 'rhoncus dui vel sem sed sagittis nam congue risus', 173, 'Nam nulla. Integer pede justo, lacinia eget, tincidunt eget, tempus vel, pede.');
insert into item (id, name, price, description) values (8, 'sem fusce consequat nulla nisl nunc nisl duis', 709, 'Nulla justo. Aliquam quis turpis eget elit sodales scelerisque.');
insert into item (id, name, price, description) values (9, 'tellus nulla ut erat id', 448, 'Vivamus metus arcu, adipiscing molestie, hendrerit at, vulputate vitae, nisl. Aenean lectus.');
insert into item (id, name, price, description) values (10, 'aliquam sit amet diam in magna bibendum imperdiet nullam', 11, 'Integer a nibh. In quis justo.');
insert into item (id, name, price, description) values (11, 'at ipsum ac tellus semper interdum mauris ullamcorper purus sit', 668, 'Sed vel enim sit amet nunc viverra dapibus. Nulla suscipit ligula in lacus.');
insert into item (id, name, price, description) values (12, 'et ultrices posuere cubilia curae duis faucibus accumsan odio curabitur', 187, 'Integer pede justo, lacinia eget, tincidunt eget, tempus vel, pede. Morbi porttitor lorem id ligula.');
insert into item (id, name, price, description) values (13, 'vel nulla eget eros elementum pellentesque quisque porta volutpat', 865, 'Morbi vestibulum, velit id pretium iaculis, diam erat fermentum justo, nec condimentum neque sapien placerat ante. Nulla justo.');
insert into item (id, name, price, description) values (14, 'sapien urna pretium nisl ut volutpat sapien arcu sed augue', 216, 'Nullam orci pede, venenatis non, sodales sed, tincidunt eu, felis.');
insert into item (id, name, price, description) values (15, 'augue luctus tincidunt nulla mollis', 745, 'In congue. Etiam justo.');

/*student random*/
insert into person (id, da, firstname, lastname, username, email) values (default, '0856623', 'Ebonee', 'Clemendot', 'eclemendot0', 'eclemendot0@jalbum.net');
insert into person (id, da, firstname, lastname, username, email) values (default, '4970795', 'Aurelia', 'Cutts', 'acutts1', 'acutts1@shop-pro.jp');
insert into person (id, da, firstname, lastname, username, email) values (default, '3424936', 'Claribel', 'Rougier', 'crougier2', 'crougier2@cocolog-nifty.com');
insert into person (id, da, firstname, lastname, username, email) values (default, '3044513', 'Stern', 'McCunn', 'smccunn3', 'smccunn3@so-net.ne.jp');
insert into person (id, da, firstname, lastname, username, email) values (default, '6620496', 'Finlay', 'Ruben', 'fruben4', 'fruben4@nature.com');
insert into person (id, da, firstname, lastname, username, email) values (default, '6492439', 'Townie', 'Jessep', 'tjessep5', 'tjessep5@live.com');
insert into person (id, da, firstname, lastname, username, email) values (default, '6612132', 'Elspeth', 'Grafhom', 'egrafhom6', 'egrafhom6@tmall.com');
insert into person (id, da, firstname, lastname, username, email) values (default, '5944631', 'Vickie', 'Entwistle', 'ventwistle7', 'ventwistle7@slideshare.net');
insert into person (id, da, firstname, lastname, username, email) values (default, '3854371', 'Fritz', 'Chippindale', 'fchippindale8', 'fchippindale8@1688.com');
insert into person (id, da, firstname, lastname, username, email) values (default, '9886674', 'Lee', 'Eagles', 'leagles9', 'leagles9@columbia.edu');
insert into person (id, da, firstname, lastname, username, email) values (default, '9497285', 'Hanan', 'Hinge', 'hhingeb', 'hhingeb@ifeng.com');
insert into person (id, da, firstname, lastname, username, email) values (default, '6721506', 'Ellyn', 'Shimmans', 'eshimmansa', 'eshimmansa@berkeley.edu');
insert into person (id, da, firstname, lastname, username, email) values (default, '8074020', 'Louis', 'Bemlott', 'lbemlottc', 'lbemlottc@chronoengine.com');
insert into person (id, da, firstname, lastname, username, email) values (default, '0898999', 'Mareah', 'Ifill', 'mifilld', 'mifilld@sciencedaily.com');
insert into person (id, da, firstname, lastname, username, email) values (default, '6488967', 'Consalve', 'Pinshon', 'cpinshone', 'cpinshone@redcross.org');
insert into person (id, da, firstname, lastname, username, email) values (default, '1855718', 'Heall', 'Critchard', 'hcritchardf', 'hcritchardf@ow.ly');
insert into person (id, da, firstname, lastname, username, email) values (default, '9979845', 'Jsandye', 'Meltetal', 'jmeltetalg', 'jmeltetalg@amazon.de');
insert into person (id, da, firstname, lastname, username, email) values (default, '4122042', 'Carlee', 'Orable', 'corableh', 'corableh@google.ca');
insert into person (id, da, firstname, lastname, username, email) values (default, '6527201', 'Betsey', 'Pothbury', 'bpothburyi', 'bpothburyi@fastcompany.com');
insert into person (id, da, firstname, lastname, username, email) values (default, '3329889', 'Leonora', 'Stutt', 'lstuttj', 'lstuttj@fotki.com');
insert into person (id, da, firstname, lastname, username, email) values (default, '0967221', 'Carley', 'Allot', 'callotk', 'callotk@ucoz.com');
insert into person (id, da, firstname, lastname, username, email) values (default, '1406398', 'Weider', 'Matantsev', 'wmatantsevl', 'wmatantsevl@sakura.ne.jp');
insert into person (id, da, firstname, lastname, username, email) values (default, '6615533', 'Adriana', 'Jiracek', 'ajiracekm', 'ajiracekm@oakley.com');
insert into person (id, da, firstname, lastname, username, email) values (default, '1571487', 'Heath', 'Bellay', 'hbellayn', 'hbellayn@mlb.com');
insert into person (id, da, firstname, lastname, username, email) values (default, '5242594', 'Garreth', 'Rolfo', 'grolfoo', 'grolfoo@washingtonpost.com');
insert into person (id, da, firstname, lastname, username, email) values (default, '3413285', 'Lazarus', 'Chadburn', 'lchadburnp', 'lchadburnp@topsy.com');
insert into person (id, da, firstname, lastname, username, email) values (default, '6113321', 'Robinett', 'Rudall', 'rrudallq', 'rrudallq@last.fm');
insert into person (id, da, firstname, lastname, username, email) values (default, '4745395', 'Trace', 'Heasman', 'theasmanr', 'theasmanr@kickstarter.com');
insert into person (id, da, firstname, lastname, username, email) values (default, '6079587', 'Hayyim', 'Fargie', 'hfargies', 'hfargies@miitbeian.gov.cn');
insert into person (id, da, firstname, lastname, username, email) values (default, '0947162', 'Georgeta', 'Pally', 'gpallyt', 'gpallyt@hud.gov');

insert into "user" (id, password, da) values (default, '$2y$10$CJAhNUuCUlyUxWStg83nbuNK.Gpbd8o1nRLxnfwc47CwvLcIpgFBC',  '0856623');
insert into "user" (id, password, da) values (default, '$2y$10$CJAhNUuCUlyUxWStg83nbuNK.Gpbd8o1nRLxnfwc47CwvLcIpgFBC',  '4970795');
insert into "user" (id, password, da) values (default, '$2y$10$CJAhNUuCUlyUxWStg83nbuNK.Gpbd8o1nRLxnfwc47CwvLcIpgFBC',  '3424936');
insert into "user" (id, password, da) values (default, '$2y$10$CJAhNUuCUlyUxWStg83nbuNK.Gpbd8o1nRLxnfwc47CwvLcIpgFBC',  '3044513');
insert into "user" (id, password, da) values (default, '$2y$10$CJAhNUuCUlyUxWStg83nbuNK.Gpbd8o1nRLxnfwc47CwvLcIpgFBC',  '6620496');
insert into "user" (id, password, da) values (default, '$2y$10$CJAhNUuCUlyUxWStg83nbuNK.Gpbd8o1nRLxnfwc47CwvLcIpgFBC',  '6492439');
insert into "user" (id, password, da) values (default, '$2y$10$CJAhNUuCUlyUxWStg83nbuNK.Gpbd8o1nRLxnfwc47CwvLcIpgFBC',  '6612132');
insert into "user" (id, password, da) values (default, '$2y$10$CJAhNUuCUlyUxWStg83nbuNK.Gpbd8o1nRLxnfwc47CwvLcIpgFBC',  '5944631');
insert into "user" (id, password, da) values (default, '$2y$10$CJAhNUuCUlyUxWStg83nbuNK.Gpbd8o1nRLxnfwc47CwvLcIpgFBC',  '3854371');
insert into "user" (id, password, da) values (default, '$2y$10$CJAhNUuCUlyUxWStg83nbuNK.Gpbd8o1nRLxnfwc47CwvLcIpgFBC', '9886674');
insert into "user" (id, password, da) values (default, '$2y$10$CJAhNUuCUlyUxWStg83nbuNK.Gpbd8o1nRLxnfwc47CwvLcIpgFBC', '9497285');
insert into "user" (id, password, da) values (default, '$2y$10$CJAhNUuCUlyUxWStg83nbuNK.Gpbd8o1nRLxnfwc47CwvLcIpgFBC', '6721506');
insert into "user" (id, password, da) values (default, '$2y$10$CJAhNUuCUlyUxWStg83nbuNK.Gpbd8o1nRLxnfwc47CwvLcIpgFBC', '8074020');
insert into "user" (id, password, da) values (default, '$2y$10$CJAhNUuCUlyUxWStg83nbuNK.Gpbd8o1nRLxnfwc47CwvLcIpgFBC', '0898999');
insert into "user" (id, password, da) values (default, '$2y$10$CJAhNUuCUlyUxWStg83nbuNK.Gpbd8o1nRLxnfwc47CwvLcIpgFBC', '6488967');
insert into "user" (id, password, da) values (default, '$2y$10$CJAhNUuCUlyUxWStg83nbuNK.Gpbd8o1nRLxnfwc47CwvLcIpgFBC', '1855718');
insert into "user" (id, password, da) values (default, '$2y$10$CJAhNUuCUlyUxWStg83nbuNK.Gpbd8o1nRLxnfwc47CwvLcIpgFBC', '9979845');
insert into "user" (id, password, da) values (default, '$2y$10$CJAhNUuCUlyUxWStg83nbuNK.Gpbd8o1nRLxnfwc47CwvLcIpgFBC', '4122042');
insert into "user" (id, password, da) values (default, '$2y$10$CJAhNUuCUlyUxWStg83nbuNK.Gpbd8o1nRLxnfwc47CwvLcIpgFBC', '6527201');
insert into "user" (id, password, da) values (default, '$2y$10$CJAhNUuCUlyUxWStg83nbuNK.Gpbd8o1nRLxnfwc47CwvLcIpgFBC', '3329889');
insert into "user" (id, password, da) values (default, '$2y$10$CJAhNUuCUlyUxWStg83nbuNK.Gpbd8o1nRLxnfwc47CwvLcIpgFBC', '0967221');
insert into "user" (id, password, da) values (default, '$2y$10$CJAhNUuCUlyUxWStg83nbuNK.Gpbd8o1nRLxnfwc47CwvLcIpgFBC', '1406398');
insert into "user" (id, password, da) values (default, '$2y$10$CJAhNUuCUlyUxWStg83nbuNK.Gpbd8o1nRLxnfwc47CwvLcIpgFBC', '6615533');
insert into "user" (id, password, da) values (default, '$2y$10$CJAhNUuCUlyUxWStg83nbuNK.Gpbd8o1nRLxnfwc47CwvLcIpgFBC', '1571487');
insert into "user" (id, password, da) values (default, '$2y$10$CJAhNUuCUlyUxWStg83nbuNK.Gpbd8o1nRLxnfwc47CwvLcIpgFBC', '5242594');
insert into "user" (id, password, da) values (default, '$2y$10$CJAhNUuCUlyUxWStg83nbuNK.Gpbd8o1nRLxnfwc47CwvLcIpgFBC', '3413285');
insert into "user" (id, password, da) values (default, '$2y$10$CJAhNUuCUlyUxWStg83nbuNK.Gpbd8o1nRLxnfwc47CwvLcIpgFBC', '6113321');
insert into "user" (id, password, da) values (default, '$2y$10$CJAhNUuCUlyUxWStg83nbuNK.Gpbd8o1nRLxnfwc47CwvLcIpgFBC', '4745395');
insert into "user" (id, password, da) values (default, '$2y$10$CJAhNUuCUlyUxWStg83nbuNK.Gpbd8o1nRLxnfwc47CwvLcIpgFBC', '6079587');
insert into "user" (id, password, da) values (default, '$2y$10$CJAhNUuCUlyUxWStg83nbuNK.Gpbd8o1nRLxnfwc47CwvLcIpgFBC', '0947162');

insert into student (da, id, team_id, cash, points) values ('0856623', default, 2, 672, 0);
insert into student (da, id, team_id, cash, points) values ('4970795', default, 2, 689, 0);
insert into student (da, id, team_id, cash, points) values ('3424936', default, 1, 440, 0);
insert into student (da, id, team_id, cash, points) values ('3044513', default, 1, 151, 0);
insert into student (da, id, team_id, cash, points) values ('6620496', default, 1, 497, 0);
insert into student (da, id, team_id, cash, points) values ('6492439', default, 2, 253, 0);
insert into student (da, id, team_id, cash, points) values ('6612132', default, 2, 883, 0);
insert into student (da, id, team_id, cash, points) values ('5944631', default, 2, 915, 0);
insert into student (da, id, team_id, cash, points) values ('3854371', default, 2, 917, 0);
insert into student (da, id, team_id, cash, points) values ('9886674', default, 2, 398, 0);
insert into student (da, id, team_id, cash, points) values ('9497285', default, 2, 946, 0);
insert into student (da, id, team_id, cash, points) values ('6721506', default, 1, 658, 0);
insert into student (da, id, team_id, cash, points) values ('8074020', default, 1, 213, 0);
insert into student (da, id, team_id, cash, points) values ('0898999', default, 2, 881, 0);
insert into student (da, id, team_id, cash, points) values ('6488967', default, 1, 816, 0);
insert into student (da, id, team_id, cash, points) values ('1855718', default, 2, 995, 0);
insert into student (da, id, team_id, cash, points) values ('9979845', default, 1, 694, 0);
insert into student (da, id, team_id, cash, points) values ('4122042', default, 1, 319, 0);
insert into student (da, id, team_id, cash, points) values ('6527201', default, 1, 868, 0);
insert into student (da, id, team_id, cash, points) values ('3329889', default, 1, 471, 0);
insert into student (da, id, team_id, cash, points) values ('0967221', default, 2, 54, 0);
insert into student (da, id, team_id, cash, points) values ('1406398', default, 2, 580, 0);
insert into student (da, id, team_id, cash, points) values ('6615533', default, 2, 918, 0);
insert into student (da, id, team_id, cash, points) values ('1571487', default, 2, 149, 0);
insert into student (da, id, team_id, cash, points) values ('5242594', default, 2, 719, 0);
insert into student (da, id, team_id, cash, points) values ('3413285', default, 1, 211, 0);
insert into student (da, id, team_id, cash, points) values ('6113321', default, 1, 686, 0);
insert into student (da, id, team_id, cash, points) values ('4745395', default, 2, 693, 0);
insert into student (da, id, team_id, cash, points) values ('6079587', default, 1, 174, 0);
insert into student (da, id, team_id, cash, points) values ('0947162', default, 2, 636, 0);